Model,MAE,R2 Score,RMSE
Linear Regression,1.03E-13,1,1.34E-13
Decision Tree,3.841690141,0.993615786,16.35350593
Random Forest,3.897221972,0.993391036,16.63887092
